{
  "$schema": "https://raw.githubusercontent.com/neutralinojs/neutralinojs/main/schemas/neutralino.config.schema.json",
  "applicationId": "pwa.pwaTemplate",
  "version": "0.0.0",
  "defaultMode": "window",
  "port": 0,
  "documentRoot": "/resources/",
  "url": "https://example.com",
  "enableServer": false,
  "enableNativeAPI": true,
  "tokenSecurity": "one-time",
  "logging": {
    "enabled": true,
    "writeToLogFile": true
  },
  "nativeAllowList": [
    "app.exit"
  ],
  "globalVariables": {
  },
  "modes": {
    "window": {
      "title": "pwamaker Template",
      "width": 800,
      "height": 500,
      "minWidth": 400,
      "minHeight": 200,
      "center": true,
      "fullScreen": false,
      "alwaysOnTop": false,
      "icon": "/resources/icons/appIcon.ico",
      "enableInspector": false,
      "borderless": false,
      "maximize": false,
      "hidden": false,
      "resizable": true,
      "exitProcessOnClose": true
    }
  },
  "cli": {
    "binaryName": "pwa-pwa-template",
    "resourcesPath": "/resources/",
    "extensionsPath": "/extensions/",
    "clientLibrary": "/resources/js/neutralino.js",
    "binaryVersion": "6.3.0",
    "clientVersion": "6.3.0"
  }
}